"","date","sst"
"1",2013-03-12,20.8159
"2",2013-03-13,20.9987
"3",2013-03-14,21.153
"4",2013-03-15,21.7346
"5",2013-03-16,22.161
"6",2013-03-17,22.6093
"7",2013-03-18,22.3822
"8",2013-03-19,21.3983
"9",2013-03-20,21.5027
"10",2013-03-21,21.268
"11",2013-03-22,22.2103
"12",2013-03-23,22.3713
"13",2013-03-24,21.9009
"14",2013-03-25,21.4909
"15",2013-03-26,21.916
"16",2013-03-27,22.4664
"17",2013-03-28,21.4301
"18",2013-03-29,21.8685
"19",2013-03-30,22.1797
"20",2013-03-31,22.9373
"21",2013-04-01,23.0949
"22",2013-04-02,23.5158
"23",2013-04-03,23.8525
"24",2013-04-04,23.6306
"25",2013-04-05,23.4672
"26",2013-04-06,23.2188
"27",2013-04-07,23.7949
"28",2013-04-08,24.0074
"29",2013-04-09,24.1106
"30",2013-04-10,24.1992
"31",2013-04-11,23.7494
"32",2013-04-12,24.1861
"33",2013-04-13,24.477
"34",2013-04-14,25.8616
"35",2013-04-15,25.7589
"36",2013-04-16,26.2279
"37",2013-04-17,26.019
"38",2013-04-18,26.1395
"39",2013-04-19,27.5324
"40",2013-04-20,26.6574
"41",2013-04-21,26.5546
"42",2013-04-22,25.311
"43",2013-04-23,25.3234
"44",2013-04-24,25.4982
"45",2013-04-25,25.7915
"46",2013-04-26,25.11
"47",2013-04-27,25.084
"48",2013-04-28,25.5888
"49",2013-04-29,25.208
"50",2013-04-30,24.8223
"51",2013-05-01,25.0309
"52",2013-05-02,24.8954
"53",2013-05-03,25.2781
"54",2013-05-04,26.1421
"55",2013-05-05,25.7233
"56",2013-05-06,25.7089
"57",2013-05-07,25.7091
"58",2013-05-08,25.5459
"59",2013-05-09,26.2327
"60",2013-05-10,27.3053
"61",2013-05-11,26.687
"62",2013-05-12,27.2253
"63",2013-05-13,27.4805
"64",2013-05-14,27.0616
"65",2013-05-15,27.8428
"66",2013-05-16,27.7274
"67",2013-05-17,28.2577
"68",2013-05-18,27.6892
"69",2013-05-19,26.9576
"70",2013-05-20,27.4454
"71",2013-05-21,27.3312
"72",2013-05-22,27.9153
"73",2013-05-23,28.1105
"74",2013-05-24,28.6684
"75",2013-05-25,29.1498
"76",2013-05-26,28.6458
"77",2013-05-27,29.173
"78",2013-05-28,29.5892
"79",2013-05-29,28.5079
"80",2013-05-30,29.2862
"81",2013-05-31,28.4122
"82",2013-06-01,27.6129
"83",2013-06-02,28.7759
"84",2013-06-03,28.5683
"85",2013-06-04,29.5714
"86",2013-06-05,29.2666
"87",2013-06-06,29.6321
"88",2013-06-07,29.3685
"89",2013-06-08,29.4655
"90",2013-06-09,28.7629
"91",2013-06-10,28.2266
"92",2013-06-11,27.7564
"93",2013-06-12,27.9722
"94",2013-06-13,28.2057
"95",2013-06-14,28.34
"96",2013-06-15,28.0991
"97",2013-06-16,27.8444
"98",2013-06-17,28.551
"99",2013-06-18,28.5495
"100",2013-06-19,28.5886
"101",2013-06-20,29.5052
"102",2013-06-21,29.7648
"103",2013-06-22,30.0167
"104",2013-06-23,30.0167
"105",2013-06-24,30.5264
"106",2013-06-25,30.4423
"107",2013-06-26,30.4942
"108",2013-06-27,29.7665
"109",2013-06-28,30.3496
"110",2013-06-29,31.2485
"111",2013-06-30,31.0188
"112",2013-07-01,31.4981
"113",2013-07-02,32.0019
"114",2013-07-03,32.0323
"115",2013-07-04,31.2425
"116",2013-07-05,30.8536
"117",2013-07-06,31.1324
"118",2013-07-07,31.1986
"119",2013-07-08,31.0154
"120",2013-07-09,31.481
"121",2013-07-10,31.9799
"122",2013-07-11,31.4518
"123",2013-07-12,31.2429
"124",2013-07-13,31.4264
"125",2013-07-14,31.5045
"126",2013-07-15,31.7772
"127",2013-07-16,32.6939
"128",2013-07-17,32.8336
"129",2013-07-18,33.0667
"130",2013-07-19,33.1251
"131",2013-07-20,33.4876
"132",2013-07-21,33.8198
"133",2013-07-22,33.6334
"134",2013-07-23,33.1027
"135",2013-07-24,32.8663
"136",2013-07-25,32.2986
"137",2013-07-26,31.984
"138",2013-07-27,31.9515
"139",2013-07-28,32.2187
"140",2013-07-29,32.7363
"141",2013-07-30,31.8591
"142",2013-07-31,31.7194
"143",2013-08-01,30.8478
"144",2013-08-02,30.0878
"145",2013-08-03,30.5855
"146",2013-08-04,31.6912
"147",2013-08-05,32.1001
"148",2013-08-06,31.5133
"149",2013-08-07,32.3375
"150",2013-08-08,32.1758
"151",2013-08-09,31.8847
"152",2013-08-10,32.9757
"153",2013-08-11,33.2667
"154",2013-08-12,32.7395
"155",2013-08-13,33.1158
"156",2013-08-14,32.6256
"157",2013-08-15,32.9684
"158",2013-08-16,33.0714
"159",2013-08-17,33.3191
"160",2013-08-18,33.0486
"161",2013-08-19,33.6875
"162",2013-08-20,33.182
"163",2013-08-21,33.55
"164",2013-08-22,33.5736
"165",2013-08-23,33.219
"166",2013-08-24,33.679
"167",2013-08-25,33.5549
"168",2013-08-26,33.1886
"169",2013-08-27,33.0256
"170",2013-08-28,33.0883
"171",2013-08-29,32.9812
"172",2013-08-30,33.3327
"173",2013-08-31,32.9694
"174",2013-09-01,32.7598
"175",2013-09-02,33.5274
"176",2013-09-03,33.7179
"177",2013-09-04,33.6419
"178",2013-09-05,34.0186
"179",2013-09-06,32.8717
"180",2013-09-07,31.9562
"181",2013-09-08,32.7453
"182",2013-09-09,32.0608
"183",2013-09-10,31.6316
"184",2013-09-11,31.9195
"185",2013-09-12,31.9736
"186",2013-09-13,32.2119
"187",2013-09-14,32.9012
"188",2013-09-15,32.3086
"189",2013-09-16,32.4839
"190",2013-09-17,32.9534
"191",2013-09-18,32.8768
"192",2013-09-19,33.2394
"193",2013-09-20,33.0291
"194",2013-09-21,32.4882
"195",2013-09-22,32.603
"196",2013-09-23,32.0835
"197",2013-09-24,32.021
"198",2013-09-25,31.7784
"199",2013-09-26,31.5226
"200",2013-09-27,30.8606
"201",2013-09-28,30.6103
"202",2013-09-29,30.8653
"203",2013-09-30,31.1382
"204",2013-10-01,30.5808
"205",2013-10-02,30.5164
"206",2013-10-03,30.5579
"207",2013-10-04,30.5427
"208",2013-10-05,30.5453
"209",2013-10-06,30.5801
"210",2013-10-07,30.524
"211",2013-10-08,30.2764
"212",2013-10-09,30.2298
"213",2013-10-10,29.8628
"214",2013-10-11,29.747
"215",2013-10-12,29.7768
"216",2013-10-13,29.6996
"217",2013-10-14,28.9042
"218",2013-10-15,29.0693
"219",2013-10-16,29.3905
"220",2013-10-17,28.9873
"221",2013-10-18,29.5859
"222",2013-10-19,29.5474
"223",2013-10-20,29.439
"224",2013-10-21,29.3573
"225",2013-10-22,29.6093
"226",2013-10-23,29.0672
"227",2013-10-24,28.9099
"228",2013-10-25,28.4044
"229",2013-10-26,28.8813
"230",2013-10-27,28.3457
"231",2013-10-28,28.0346
"232",2013-10-29,28.8948
"233",2013-10-30,27.7944
"234",2013-10-31,28.4402
"235",2013-11-01,28.2467
"236",2013-11-02,28.4211
"237",2013-11-03,27.7013
"238",2013-11-04,27.7859
"239",2013-11-05,27.8999
"240",2013-11-06,27.5713
"241",2013-11-07,27.5465
"242",2013-11-08,27.5882
"243",2013-11-09,27.3862
"244",2013-11-10,27.5376
"245",2013-11-11,27.1965
"246",2013-11-12,27.4867
"247",2013-11-13,27.3622
"248",2013-11-14,27.2544
"249",2013-11-15,27.3557
"250",2013-11-16,27.4544
"251",2013-11-17,27.013
"252",2013-11-18,26.6707
"253",2013-11-19,26.4748
"254",2013-11-20,25.6286
"255",2013-11-21,25.9028
"256",2013-11-22,25.6382
"257",2013-11-23,26.1162
"258",2013-11-24,25.7912
"259",2013-11-25,25.7099
"260",2013-11-26,25.7106
"261",2013-11-27,25.9999
"262",2013-11-28,25.6933
"263",2013-11-29,25.9396
"264",2013-11-30,25.9649
"265",2013-12-01,26.2088
"266",2013-12-02,25.8014
"267",2013-12-03,25.6077
"268",2013-12-04,25.1846
"269",2013-12-05,24.7443
"270",2013-12-06,24.8593
"271",2013-12-07,25.3836
"272",2013-12-08,24.9374
"273",2013-12-09,24.7973
"274",2013-12-10,24.3426
"275",2013-12-11,24.3777
"276",2013-12-12,24.5868
"277",2013-12-13,24.3246
"278",2013-12-14,23.4847
"279",2013-12-15,23.425
"280",2013-12-16,23.3313
"281",2013-12-17,23.5569
"282",2013-12-18,23.1836
"283",2013-12-19,22.7576
"284",2013-12-20,22.4306
"285",2013-12-21,22.8465
"286",2013-12-22,22.7906
"287",2013-12-23,22.604
"288",2013-12-24,22.9313
"289",2013-12-25,22.7182
"290",2013-12-26,22.7134
"291",2013-12-27,22.9509
"292",2013-12-28,22.3222
"293",2013-12-29,22.352
"294",2013-12-30,21.9099
"295",2013-12-31,21.8457
"296",2014-01-01,21.6001
"297",2014-01-02,21.8969
"298",2014-01-03,21.507
"299",2014-01-04,21.5366
"300",2014-01-05,21.3214
"301",2014-01-06,21.0572
"302",2014-01-07,20.8562
"303",2014-01-08,20.992
"304",2014-01-09,20.8134
"305",2014-01-10,20.5564
"306",2014-01-11,20.3286
"307",2014-01-12,20.3812
"308",2014-01-13,20.3676
"309",2014-01-14,20.8809
"310",2014-01-15,20.811
"311",2014-01-16,20.8337
"312",2014-01-17,20.5895
"313",2014-01-18,20.2437
"314",2014-01-19,20.0341
"315",2014-01-20,20.011
"316",2014-01-21,20.3143
"317",2014-01-22,20.5029
"318",2014-01-23,20.7384
"319",2014-01-24,20.0776
"320",2014-01-25,20.2699
"321",2014-01-26,19.8432
"322",2014-01-27,20.614
"323",2014-01-28,20.6028
"324",2014-01-29,20.4551
"325",2014-01-30,19.9461
"326",2014-01-31,20.0146
"327",2014-02-01,19.8195
"328",2014-02-02,20.0227
"329",2014-02-03,19.7237
"330",2014-02-04,19.3272
"331",2014-02-05,19.4305
"332",2014-02-06,19.4574
"333",2014-02-07,19.1676
"334",2014-02-08,19.6042
"335",2014-02-09,19.7091
"336",2014-02-10,19.8521
"337",2014-02-11,20.1894
"338",2014-02-12,20.2117
"339",2014-02-13,20.0026
"340",2014-02-14,20.5281
"341",2014-02-15,20.1158
"342",2014-02-16,20.2226
"343",2014-02-17,20.2398
"344",2014-02-18,19.986
"345",2014-02-19,20.0671
"346",2014-02-20,20.2339
"347",2014-02-21,20.6714
"348",2014-02-22,20.536
"349",2014-02-23,20.0268
"350",2014-02-24,20.5042
"351",2014-02-25,19.9412
"352",2014-02-26,20.3589
"353",2014-02-27,20.6454
"354",2014-02-28,20.2679
"355",2014-03-01,20.0441
"356",2014-03-02,20.3177
"357",2014-03-03,20.3474
"358",2014-03-04,20.4235
"359",2014-03-05,21.3094
"360",2014-03-06,21.1581
"361",2014-03-07,21.4558
"362",2014-03-08,22.0407
"363",2014-03-09,21.8283
"364",2014-03-10,21.8957
"365",2014-03-11,22.4883
"366",2014-03-12,21.9154
"367",2014-03-13,20.9748
"368",2014-03-14,21.1684
"369",2014-03-15,20.8923
"370",2014-03-16,21.5291
"371",2014-03-17,21.2511
"372",2014-03-18,21.0325
"373",2014-03-19,21.0746
"374",2014-03-20,21.6646
"375",2014-03-21,21.9218
"376",2014-03-22,21.6306
"377",2014-03-23,22.4072
"378",2014-03-24,21.5637
"379",2014-03-25,21.3246
"380",2014-03-26,21.8503
"381",2014-03-27,22.0529
"382",2014-03-28,22.1973
"383",2014-03-29,22.3654
"384",2014-03-30,21.6538
"385",2014-03-31,22.2379
"386",2014-04-01,22.3801
"387",2014-04-02,21.7829
"388",2014-04-03,21.8738
"389",2014-04-04,22.1356
"390",2014-04-05,22.3852
"391",2014-04-06,22.1623
"392",2014-04-07,22.1799
"393",2014-04-08,23.0274
"394",2014-04-09,22.7286
"395",2014-04-10,23.3733
"396",2014-04-11,23.3243
"397",2014-04-12,24.1315
"398",2014-04-13,24.4293
"399",2014-04-14,25.3879
"400",2014-04-15,25.6015
"401",2014-04-16,25.2109
"402",2014-04-17,25.4028
"403",2014-04-18,26.0923
"404",2014-04-19,26.3603
"405",2014-04-20,26.6382
"406",2014-04-21,26.7931
"407",2014-04-22,26.1569
"408",2014-04-23,27.0258
"409",2014-04-24,26.8956
"410",2014-04-25,26.8905
"411",2014-04-26,26.9045
"412",2014-04-27,27.3169
"413",2014-04-28,28.2178
"414",2014-04-29,27.9918
"415",2014-04-30,27.7908
"416",2014-05-01,27.0557
"417",2014-05-02,28.0311
"418",2014-05-03,28.2464
"419",2014-05-04,27.1613
"420",2014-05-05,28.2023
"421",2014-05-06,27.9918
"422",2014-05-07,28.157
"423",2014-05-08,28.5907
"424",2014-05-09,28.5489
"425",2014-05-10,28.1041
"426",2014-05-11,27.7246
"427",2014-05-12,28.439
"428",2014-05-13,28.7338
"429",2014-05-14,27.959
"430",2014-05-15,28.6221
"431",2014-05-16,28.9793
"432",2014-05-17,29.0736
"433",2014-05-18,29.1072
"434",2014-05-19,29.7062
"435",2014-05-20,29.7456
"436",2014-05-21,29.5672
"437",2014-05-22,30.342
"438",2014-05-23,30.5769
"439",2014-05-24,30.9272
"440",2014-05-25,30.5203
"441",2014-05-26,31.0665
"442",2014-05-27,32.0485
"443",2014-05-28,31.7929
"444",2014-05-29,32.387
"445",2014-05-30,32.0045
"446",2014-05-31,32.2015
"447",2014-06-01,32.5063
"448",2014-06-02,32.2005
"449",2014-06-03,31.5268
"450",2014-06-04,30.8155
"451",2014-06-05,30.452
"452",2014-06-06,30.4486
"453",2014-06-07,30.7254
"454",2014-06-08,30.6687
"455",2014-06-09,30.8535
"456",2014-06-10,31.5554
"457",2014-06-11,31.7064
"458",2014-06-12,30.544
"459",2014-06-13,30.544
"460",2014-06-14,30.544
"461",2014-06-15,30.544
"462",2014-06-16,29.7871
"463",2014-06-17,30.2755
"464",2014-06-18,30.4184
"465",2014-06-19,30.7829
"466",2014-06-20,31.0524
"467",2014-06-21,30.8977
"468",2014-06-22,30.6386
"469",2014-06-23,30.5265
"470",2014-06-24,30.1685
"471",2014-06-25,30.7317
"472",2014-06-26,30.8545
"473",2014-06-27,31.1627
"474",2014-06-28,31.2544
"475",2014-06-29,31.8336
"476",2014-06-30,32.5555
"477",2014-07-01,32.2593
"478",2014-07-02,32.0396
"479",2014-07-03,32.1697
"480",2014-07-04,32.6291
"481",2014-07-05,32.8741
"482",2014-07-06,32.7569
"483",2014-07-07,32.4534
"484",2014-07-08,33.1693
"485",2014-07-09,32.9452
"486",2014-07-10,33.054
"487",2014-07-11,33.4112
"488",2014-07-12,33.235
"489",2014-07-13,32.7417
"490",2014-07-14,32.2912
"491",2014-07-15,32.6821
"492",2014-07-16,32.6539
"493",2014-07-17,32.316
"494",2014-07-18,32.7187
"495",2014-07-19,32.4758
"496",2014-07-20,32.8327
"497",2014-07-21,32.2801
"498",2014-07-22,32.4158
"499",2014-07-23,32.2414
"500",2014-07-24,32.4425
"501",2014-07-25,33.0649
"502",2014-07-26,32.8896
"503",2014-07-27,32.517
"504",2014-07-28,32.5615
"505",2014-07-29,32.0538
"506",2014-07-30,32.7635
"507",2014-07-31,33.32
"508",2014-08-01,32.9182
"509",2014-08-02,33.6802
"510",2014-08-03,33.944
"511",2014-08-04,33.7645
"512",2014-08-05,33.1939
"513",2014-08-06,33.2968
"514",2014-08-07,32.7547
"515",2014-08-08,32.4882
"516",2014-08-09,32.2943
"517",2014-08-10,31.9778
"518",2014-08-11,31.9598
"519",2014-08-12,31.9617
"520",2014-08-13,32.2096
"521",2014-08-14,32.8596
"522",2014-08-15,32.4502
"523",2014-08-16,32.8656
"524",2014-08-17,33.7171
"525",2014-08-18,33.0691
"526",2014-08-19,33.6734
"527",2014-08-20,33.5093
"528",2014-08-21,33.8225
"529",2014-08-22,33.3629
"530",2014-08-23,34.0227
"531",2014-08-24,33.7323
"532",2014-08-25,34.2536
"533",2014-08-26,33.97
"534",2014-08-27,34.0323
"535",2014-08-28,34.1611
"536",2014-08-29,34.3762
"537",2014-08-30,33.9394
"538",2014-08-31,34.2712
"539",2014-09-01,33.8211
"540",2014-09-02,34.1218
"541",2014-09-03,34.0193
"542",2014-09-04,33.87
"543",2014-09-05,33.8069
"544",2014-09-06,33.8701
"545",2014-09-07,33.622
"546",2014-09-08,33.6836
"547",2014-09-09,33.3427
"548",2014-09-10,33.4049
"549",2014-09-11,32.9972
"550",2014-09-12,32.6462
"551",2014-09-13,32.6527
"552",2014-09-14,32.8012
"553",2014-09-15,33.3376
"554",2014-09-16,33.4462
"555",2014-09-17,33.5719
"556",2014-09-18,32.8841
"557",2014-09-19,32.8511
"558",2014-09-20,32.6348
"559",2014-09-21,32.9248
"560",2014-09-22,32.8161
"561",2014-09-23,32.1823
"562",2014-09-24,32.7558
"563",2014-09-25,32.3482
"564",2014-09-26,32.5235
"565",2014-09-27,31.9844
"566",2014-09-28,31.8986
"567",2014-09-29,32.3937
"568",2014-09-30,32.4571
"569",2014-10-01,32.1715
"570",2014-10-02,32.5177
"571",2014-10-03,32.0525
"572",2014-10-04,32.5666
"573",2014-10-05,32.5251
"574",2014-10-06,32.0892
"575",2014-10-07,31.5064
"576",2014-10-08,31.4104
"577",2014-10-09,31.0412
"578",2014-10-10,32.0239
"579",2014-10-11,32.2122
"580",2014-10-12,32.2205
"581",2014-10-13,31.7984
"582",2014-10-14,31.6799
"583",2014-10-15,31.8614
"584",2014-10-16,31.6105
"585",2014-10-17,31.3912
"586",2014-10-18,30.9508
"587",2014-10-19,30.9596
"588",2014-10-20,31.4012
"589",2014-10-21,30.9607
"590",2014-10-22,31.0288
"591",2014-10-23,31.1412
"592",2014-10-24,30.861
"593",2014-10-25,30.903
"594",2014-10-26,30.6203
"595",2014-10-27,30.3548
"596",2014-10-28,30.5507
"597",2014-10-29,30.14
"598",2014-10-30,29.5882
"599",2014-10-31,29.4205
"600",2014-11-01,29.4799
"601",2014-11-02,29.5702
"602",2014-11-03,29.2701
"603",2014-11-04,28.5822
"604",2014-11-05,28.3953
"605",2014-11-06,28.1276
"606",2014-11-07,28.195
"607",2014-11-08,27.0798
"608",2014-11-09,28.1098
"609",2014-11-10,27.3746
"610",2014-11-11,26.8707
"611",2014-11-12,26.9166
"612",2014-11-13,26.994
"613",2014-11-14,27.3426
"614",2014-11-15,26.9402
"615",2014-11-16,26.9142
"616",2014-11-17,26.794
"617",2014-11-18,26.7267
"618",2014-11-19,26.8786
"619",2014-11-20,26.5788
"620",2014-11-21,26.2583
"621",2014-11-22,26.4638
"622",2014-11-23,25.7968
"623",2014-11-24,25.9208
"624",2014-11-25,25.8367
"625",2014-11-26,25.9887
"626",2014-11-27,25.3666
"627",2014-11-28,25.4054
"628",2014-11-29,25.4569
"629",2014-11-30,24.3675
"630",2014-12-01,25.1361
"631",2014-12-02,24.5222
"632",2014-12-03,24.218
"633",2014-12-04,23.8295
"634",2014-12-05,24.22
"635",2014-12-06,23.9283
"636",2014-12-07,24.2841
"637",2014-12-08,23.5948
"638",2014-12-09,23.6619
"639",2014-12-10,24.1649
"640",2014-12-11,24.3237
"641",2014-12-12,24.1536
"642",2014-12-13,24.1627
"643",2014-12-14,23.9601
"644",2014-12-15,23.7424
"645",2014-12-16,23.8837
"646",2014-12-17,23.8698
"647",2014-12-18,23.8022
"648",2014-12-19,23.7149
"649",2014-12-20,23.7955
"650",2014-12-21,23.3431
"651",2014-12-22,23.8032
"652",2014-12-23,23.6173
"653",2014-12-24,23.515
"654",2014-12-25,23.2792
"655",2014-12-26,23.0447
"656",2014-12-27,23.1596
"657",2014-12-28,23.2507
"658",2014-12-29,23.0138
"659",2014-12-30,23.3555
"660",2014-12-31,22.8701
"661",2015-01-01,23.2014
"662",2015-01-02,23.104
"663",2015-01-03,22.8039
"664",2015-01-04,23.2304
"665",2015-01-05,22.8099
"666",2015-01-06,23.0194
"667",2015-01-07,23.0503
"668",2015-01-08,22.7143
"669",2015-01-09,22.0276
"670",2015-01-10,21.4523
"671",2015-01-11,20.8833
"672",2015-01-12,21.4743
"673",2015-01-13,21.7915
"674",2015-01-14,21.8125
"675",2015-01-15,21.643
"676",2015-01-16,21.8739
"677",2015-01-17,21.5115
"678",2015-01-18,21.5971
"679",2015-01-19,21.4654
"680",2015-01-20,21.4902
"681",2015-01-21,21.357
"682",2015-01-22,21.3049
"683",2015-01-23,21.1414
"684",2015-01-24,20.8276
"685",2015-01-25,21.4717
"686",2015-01-26,21.6216
"687",2015-01-27,21.5263
"688",2015-01-28,20.8881
"689",2015-01-29,20.4296
"690",2015-01-30,20.5356
"691",2015-01-31,21.1508
"692",2015-02-01,21.5431
"693",2015-02-02,21.7679
"694",2015-02-03,21.9181
"695",2015-02-04,21.2977
"696",2015-02-05,21.6669
"697",2015-02-06,21.7388
"698",2015-02-07,21.1367
"699",2015-02-08,20.5294
"700",2015-02-09,20.4423
"701",2015-02-10,20.6532
"702",2015-02-11,20.1786
"703",2015-02-12,21.05
"704",2015-02-13,20.2973
"705",2015-02-14,20.08
"706",2015-02-15,20.8512
"707",2015-02-16,21.3536
"708",2015-02-17,21.5532
"709",2015-02-18,21.9744
"710",2015-02-19,21.2646
"711",2015-02-20,20.8169
"712",2015-02-21,20.5802
"713",2015-02-22,20.3509
"714",2015-02-23,20.5132
"715",2015-02-24,20.7189
"716",2015-02-25,19.6222
"717",2015-02-26,20.6937
"718",2015-02-27,20.5019
"719",2015-02-28,21.3819
"720",2015-03-01,20.7878
"721",2015-03-02,21.4285
"722",2015-03-03,20.7702
"723",2015-03-04,20.9253
"724",2015-03-05,21.257
"725",2015-03-06,21.0638
"726",2015-03-07,20.4744
"727",2015-03-08,20.7112
"728",2015-03-09,21.0125
"729",2015-03-10,20.6241
"730",2015-03-11,20.67
"731",2015-03-12,21.2737
"732",2015-03-13,22.1149
"733",2015-03-14,20.9237
"734",2015-03-15,21.1621
"735",2015-03-16,21.4174
"736",2015-03-17,21.3086
"737",2015-03-18,20.9482
"738",2015-03-19,22.0393
"739",2015-03-20,21.959
"740",2015-03-21,23.1724
"741",2015-03-22,23.3801
"742",2015-03-23,22.5328
"743",2015-03-24,22.3388
"744",2015-03-25,22.2033
"745",2015-03-26,21.5002
"746",2015-03-27,22.2498
"747",2015-03-28,22.8603
"748",2015-03-29,22.4674
"749",2015-03-30,21.8438
"750",2015-03-31,22.832
"751",2015-04-01,21.9228
"752",2015-04-02,22.4961
"753",2015-04-03,23.0998
"754",2015-04-04,22.4009
"755",2015-04-05,23.1731
"756",2015-04-06,22.5753
"757",2015-04-07,23.406
"758",2015-04-08,22.5127
"759",2015-04-09,23.4634
"760",2015-04-10,23.8343
"761",2015-04-11,24.4984
"762",2015-04-12,25.6458
"763",2015-04-13,24.5789
"764",2015-04-14,23.9247
"765",2015-04-15,23.5997
"766",2015-04-16,23.7805
"767",2015-04-17,24.4437
"768",2015-04-18,23.5918
"769",2015-04-19,24.4117
"770",2015-04-20,24.2406
"771",2015-04-21,24.1623
"772",2015-04-22,24.8207
"773",2015-04-23,25.4687
"774",2015-04-24,24.6176
"775",2015-04-25,24.5275
"776",2015-04-26,24.5552
"777",2015-04-27,23.9243
"778",2015-04-28,24.0024
"779",2015-04-29,24.2018
"780",2015-04-30,26.0883
"781",2015-05-01,25.8072
"782",2015-05-02,25.8917
"783",2015-05-03,26.4999
"784",2015-05-04,26.6927
"785",2015-05-05,26.5991
"786",2015-05-06,27.6503
"787",2015-05-07,27.3551
"788",2015-05-08,26.3706
"789",2015-05-09,26.9999
"790",2015-05-10,28.7272
"791",2015-05-11,28.9062
"792",2015-05-12,28.9015
"793",2015-05-13,28.8778
"794",2015-05-14,29.1204
"795",2015-05-15,29.2241
"796",2015-05-16,27.8992
"797",2015-05-17,27.8175
"798",2015-05-18,28.53
"799",2015-05-19,28.1111
"800",2015-05-20,28.6202
"801",2015-05-21,28.9867
"802",2015-05-22,29.2417
"803",2015-05-23,28.5091
"804",2015-05-24,28.7759
"805",2015-05-25,29.0966
"806",2015-05-26,29.7223
"807",2015-05-27,30.3261
"808",2015-05-28,30.1595
"809",2015-05-29,30.27
"810",2015-05-30,31.0838
"811",2015-05-31,30.9845
"812",2015-06-01,30.937
"813",2015-06-02,31.0283
"814",2015-06-03,32.0008
"815",2015-06-04,31.0453
"816",2015-06-05,30.7666
"817",2015-06-06,31.7979
"818",2015-06-07,31.9853
"819",2015-06-08,32.1416
"820",2015-06-09,31.5598
"821",2015-06-10,32.0132
"822",2015-06-11,31.1692
"823",2015-06-12,32.111
"824",2015-06-13,31.5968
"825",2015-06-14,31.408
"826",2015-06-15,31.7945
"827",2015-06-16,31.7415
"828",2015-06-17,31.8001
"829",2015-06-18,32.0425
"830",2015-06-19,32.5153
"831",2015-06-20,32.6477
"832",2015-06-21,32.0983
"833",2015-06-22,31.7809
"834",2015-06-23,31.6504
"835",2015-06-24,31.6444
"836",2015-06-25,31.6231
"837",2015-06-26,31.9117
"838",2015-06-27,31.796
"839",2015-06-28,31.6231
"840",2015-06-29,32.0203
"841",2015-06-30,31.5446
"842",2015-07-01,32.4285
"843",2015-07-02,32.0094
"844",2015-07-03,32.5849
"845",2015-07-04,32.2589
"846",2015-07-05,32.0678
"847",2015-07-06,31.7565
"848",2015-07-07,31.4025
"849",2015-07-08,31.2506
"850",2015-07-09,31.5768
"851",2015-07-10,32.2005
"852",2015-07-11,31.5365
"853",2015-07-12,32.063
"854",2015-07-13,31.9818
"855",2015-07-14,31.179
"856",2015-07-15,32.4458
"857",2015-07-16,33.3769
"858",2015-07-17,32.8462
"859",2015-07-18,33.3484
"860",2015-07-19,32.916
"861",2015-07-20,32.7292
"862",2015-07-21,33.9974
"863",2015-07-22,33.816
"864",2015-07-23,34.2718
"865",2015-07-24,33.7664
"866",2015-07-25,33.2626
"867",2015-07-26,34.1254
"868",2015-07-27,34.2745
"869",2015-07-28,34.3158
"870",2015-07-29,33.9156
"871",2015-07-30,34.6746
"872",2015-07-31,35
"873",2015-08-01,34.8595
"874",2015-08-02,35
"875",2015-08-03,34.7158
"876",2015-08-04,34.8803
"877",2015-08-05,34.5833
"878",2015-08-06,34.7228
"879",2015-08-07,35
"880",2015-08-08,34.5721
"881",2015-08-09,34.3225
"882",2015-08-10,34.4648
"883",2015-08-11,33.932
"884",2015-08-12,33.9565
"885",2015-08-13,33.6859
"886",2015-08-14,34.0357
"887",2015-08-15,34.5963
"888",2015-08-16,33.9496
"889",2015-08-17,34.0611
"890",2015-08-18,34.493
"891",2015-08-19,33.7451
"892",2015-08-20,34.1773
"893",2015-08-21,34.2619
"894",2015-08-22,33.9755
"895",2015-08-23,33.8471
"896",2015-08-24,33.6699
"897",2015-08-25,34.1039
"898",2015-08-26,34.5291
"899",2015-08-27,34.0752
"900",2015-08-28,33.93
"901",2015-08-29,34.7429
"902",2015-08-30,34.2442
"903",2015-08-31,34.5805
"904",2015-09-01,34.1802
"905",2015-09-02,33.7922
"906",2015-09-03,33.3363
"907",2015-09-04,32.5465
"908",2015-09-05,32.5446
"909",2015-09-06,32.8961
"910",2015-09-07,33.1881
"911",2015-09-08,33.4572
"912",2015-09-09,33.5428
"913",2015-09-10,33.6428
"914",2015-09-11,33.1428
"915",2015-09-12,33.6765
"916",2015-09-13,33.6349
"917",2015-09-14,33.7625
"918",2015-09-15,33.2741
"919",2015-09-16,33.2315
"920",2015-09-17,33.5584
"921",2015-09-18,33.7217
"922",2015-09-19,33.9402
"923",2015-09-20,33.6393
"924",2015-09-21,33.7485
"925",2015-09-22,33.8447
"926",2015-09-23,33.6288
"927",2015-09-24,33.3955
"928",2015-09-25,33.239
"929",2015-09-26,33.3512
"930",2015-09-27,33.2042
"931",2015-09-28,32.9846
"932",2015-09-29,32.9812
"933",2015-09-30,32.7963
"934",2015-10-01,32.9497
"935",2015-10-02,33.2058
"936",2015-10-03,33.0256
"937",2015-10-04,33.1688
"938",2015-10-05,32.4398
"939",2015-10-06,32.4575
"940",2015-10-07,32.5854
"941",2015-10-08,32.4108
"942",2015-10-09,32.855
"943",2015-10-10,32.3173
"944",2015-10-11,32.3784
"945",2015-10-12,32.2262
"946",2015-10-13,31.7672
"947",2015-10-14,31.6368
"948",2015-10-15,31.2517
"949",2015-10-16,31.4911
"950",2015-10-17,31.4421
"951",2015-10-18,31.1029
"952",2015-10-19,31.3018
"953",2015-10-20,31.3614
"954",2015-10-21,31.0408
"955",2015-10-22,30.6395
"956",2015-10-23,31.1556
"957",2015-10-24,31.1581
"958",2015-10-25,30.6018
"959",2015-10-26,30.8181
"960",2015-10-27,30.7694
"961",2015-10-28,30.9075
"962",2015-10-29,30.6415
"963",2015-10-30,30.5224
"964",2015-10-31,30.4095
"965",2015-11-01,30.2272
"966",2015-11-02,29.7572
"967",2015-11-03,29.5925
"968",2015-11-04,29.3451
"969",2015-11-05,29.5115
"970",2015-11-06,29.2975
"971",2015-11-07,29.3419
"972",2015-11-08,29.0086
"973",2015-11-09,29.0408
"974",2015-11-10,28.7679
"975",2015-11-11,28.0513
"976",2015-11-12,28.4103
"977",2015-11-13,28.2592
"978",2015-11-14,27.9869
"979",2015-11-15,27.7867
"980",2015-11-16,27.9152
"981",2015-11-17,28.026
"982",2015-11-18,27.345
"983",2015-11-19,26.9914
"984",2015-11-20,27.1095
"985",2015-11-21,27.112
"986",2015-11-22,26.9597
"987",2015-11-23,26.6237
"988",2015-11-24,26.4399
"989",2015-11-25,26.1033
"990",2015-11-26,26.2709
"991",2015-11-27,26.375
"992",2015-11-28,26.3373
"993",2015-11-29,26.1206
"994",2015-11-30,26.0744
"995",2015-12-01,26.0228
"996",2015-12-02,26.118
"997",2015-12-03,25.5909
"998",2015-12-04,25.75
"999",2015-12-05,25.4278
"1000",2015-12-06,25.3142
"1001",2015-12-07,24.9084
"1002",2015-12-08,24.8077
"1003",2015-12-09,24.5107
"1004",2015-12-10,24.3505
"1005",2015-12-11,24.2061
"1006",2015-12-12,24.1316
"1007",2015-12-13,24.1396
"1008",2015-12-14,23.9885
"1009",2015-12-15,23.9885
"1010",2015-12-16,23.9871
"1011",2015-12-17,23.3323
"1012",2015-12-18,23.5993
"1013",2015-12-19,22.9922
"1014",2015-12-20,23.0575
"1015",2015-12-21,23.4194
"1016",2015-12-22,23.3089
"1017",2015-12-23,23.2411
"1018",2015-12-24,22.9398
"1019",2015-12-25,22.7856
"1020",2015-12-26,23.0543
"1021",2015-12-27,22.9496
"1022",2015-12-28,22.8179
"1023",2015-12-29,22.574
"1024",2015-12-30,22.4418
"1025",2015-12-31,22.7861
"1026",2016-01-01,22.5338
"1027",2016-01-02,22.1533
"1028",2016-01-03,22.2643
"1029",2016-01-04,22.0884
"1030",2016-01-05,21.784
"1031",2016-01-06,21.5947
"1032",2016-01-07,22.0083
"1033",2016-01-08,21.9061
"1034",2016-01-09,21.127
"1035",2016-01-10,21.6858
"1036",2016-01-11,21.6008
"1037",2016-01-12,21.5686
"1038",2016-01-13,21.5026
"1039",2016-01-14,21.5918
"1040",2016-01-15,21.4055
"1041",2016-01-16,21.1075
"1042",2016-01-17,21.2246
"1043",2016-01-18,21.3135
"1044",2016-01-19,21.4256
"1045",2016-01-20,21.2335
"1046",2016-01-21,21.2047
"1047",2016-01-22,21.1682
"1048",2016-01-23,21.1872
"1049",2016-01-24,21.1825
"1050",2016-01-25,21.2088
"1051",2016-01-26,20.8083
"1052",2016-01-27,20.5531
"1053",2016-01-28,20.2263
"1054",2016-01-29,20.406
"1055",2016-01-30,20.2688
"1056",2016-01-31,20.2341
"1057",2016-02-01,20.2365
"1058",2016-02-02,20.4451
"1059",2016-02-03,19.4437
"1060",2016-02-04,20.0564
"1061",2016-02-05,20.3126
"1062",2016-02-06,20.4987
"1063",2016-02-07,19.6699
"1064",2016-02-08,19.8527
"1065",2016-02-09,19.8674
"1066",2016-02-10,20.0468
"1067",2016-02-11,19.7237
"1068",2016-02-12,20.1093
"1069",2016-02-13,19.5912
"1070",2016-02-14,19.6302
"1071",2016-02-15,20.0921
"1072",2016-02-16,19.8639
"1073",2016-02-17,19.8233
"1074",2016-02-18,20.125
"1075",2016-02-19,20.1682
"1076",2016-02-20,20.3381
"1077",2016-02-21,20.6207
"1078",2016-02-22,20.646
"1079",2016-02-23,19.4538
"1080",2016-02-24,19.4658
"1081",2016-02-25,20.3207
"1082",2016-02-26,19.5161
"1083",2016-02-27,19.7355
"1084",2016-02-28,19.8228
"1085",2016-02-29,20.0814
"1086",2016-03-01,20.4646
"1087",2016-03-02,20.3675
"1088",2016-03-03,20.3277
"1089",2016-03-04,20.157
"1090",2016-03-05,20.54
"1091",2016-03-06,21.2732
"1092",2016-03-07,20.7596
"1093",2016-03-08,20.3205
"1094",2016-03-09,20.3646
"1095",2016-03-10,20.2639
"1096",2016-03-11,20.7949
"1097",2016-03-12,20.6471
"1098",2016-03-13,21.4098
"1099",2016-03-14,20.9957
"1100",2016-03-15,20.7476
"1101",2016-03-16,20.9132
"1102",2016-03-17,20.4211
"1103",2016-03-18,20.3218
"1104",2016-03-19,20.6221
"1105",2016-03-20,20.7456
"1106",2016-03-21,20.3271
"1107",2016-03-22,21.1373
"1108",2016-03-23,22.1682
"1109",2016-03-24,21.5192
"1110",2016-03-25,22.3516
"1111",2016-03-26,22.3922
"1112",2016-03-27,22.4298
"1113",2016-03-28,22.4639
"1114",2016-03-29,22.262
"1115",2016-03-30,22.1577
"1116",2016-03-31,22.4618
"1117",2016-04-01,21.9723
"1118",2016-04-02,21.4631
"1119",2016-04-03,21.5318
"1120",2016-04-04,21.3555
"1121",2016-04-05,22.4926
"1122",2016-04-06,22.4353
"1123",2016-04-07,22.5931
"1124",2016-04-08,23.0525
"1125",2016-04-09,23.5196
"1126",2016-04-10,23.4443
"1127",2016-04-11,23.4655
"1128",2016-04-12,23.6108
"1129",2016-04-13,24.1166
"1130",2016-04-14,23.8545
"1131",2016-04-15,23.747
"1132",2016-04-16,24.5058
"1133",2016-04-17,24.3573
"1134",2016-04-18,24.2771
"1135",2016-04-19,24.9542
"1136",2016-04-20,25.2251
"1137",2016-04-21,25.014
"1138",2016-04-22,25.5129
"1139",2016-04-23,25.8394
"1140",2016-04-24,26.6187
"1141",2016-04-25,26.7831
"1142",2016-04-26,27.0498
"1143",2016-04-27,27.3619
"1144",2016-04-28,27.4653
"1145",2016-04-29,27.6993
"1146",2016-04-30,26.8942
"1147",2016-05-01,26.9099
"1148",2016-05-02,26.6011
"1149",2016-05-03,27.3115
"1150",2016-05-04,27.5819
"1151",2016-05-05,28.2252
"1152",2016-05-06,28.0743
"1153",2016-05-07,28.7106
"1154",2016-05-08,29.0455
"1155",2016-05-09,29.1967
"1156",2016-05-10,29.0843
"1157",2016-05-11,29.1179
"1158",2016-05-12,29.9722
"1159",2016-05-13,30.3084
"1160",2016-05-14,29.803
"1161",2016-05-15,29.6845
"1162",2016-05-16,30.5032
"1163",2016-05-17,30.3937
"1164",2016-05-18,30.757
"1165",2016-05-19,30.8789
"1166",2016-05-20,30.1292
"1167",2016-05-21,29.5999
"1168",2016-05-22,29.7712
"1169",2016-05-23,29.5974
"1170",2016-05-24,29.9225
"1171",2016-05-25,29.1441
"1172",2016-05-26,29.1346
"1173",2016-05-27,28.4427
"1174",2016-05-28,28.9589
"1175",2016-05-29,29.475
"1176",2016-05-30,30.2622
"1177",2016-05-31,30.0618
"1178",2016-06-01,29.7468
"1179",2016-06-02,30.0192
"1180",2016-06-03,29.6996
"1181",2016-06-04,30.6959
"1182",2016-06-05,30.7329
"1183",2016-06-06,31.4057
"1184",2016-06-07,31.1051
"1185",2016-06-08,30.7474
"1186",2016-06-09,31.2514
"1187",2016-06-10,31.4394
"1188",2016-06-11,31.7355
"1189",2016-06-12,30.9608
"1190",2016-06-13,30.7664
"1191",2016-06-14,30.379
"1192",2016-06-15,30.0021
"1193",2016-06-16,30.6001
"1194",2016-06-17,29.9504
"1195",2016-06-18,30.6531
"1196",2016-06-19,31.1286
"1197",2016-06-20,30.8046
"1198",2016-06-21,30.6454
"1199",2016-06-22,31.1367
"1200",2016-06-23,31.4041
"1201",2016-06-24,32.1999
"1202",2016-06-25,32.4449
"1203",2016-06-26,32.5368
"1204",2016-06-27,32.9591
"1205",2016-06-28,33.0485
"1206",2016-06-29,33.2456
"1207",2016-06-30,33.2061
"1208",2016-07-01,32.0895
"1209",2016-07-02,32.3473
"1210",2016-07-03,32.3628
"1211",2016-07-04,32.1576
"1212",2016-07-05,32.9168
"1213",2016-07-06,33.2666
"1214",2016-07-07,33.5819
"1215",2016-07-08,33.4758
"1216",2016-07-09,33.2953
"1217",2016-07-10,32.9717
"1218",2016-07-11,33.2048
"1219",2016-07-12,32.6619
"1220",2016-07-13,32.7784
"1221",2016-07-14,32.3983
"1222",2016-07-15,32.9177
"1223",2016-07-16,33.0297
"1224",2016-07-17,33.2717
"1225",2016-07-18,33.8511
"1226",2016-07-19,34.0396
"1227",2016-07-20,34.3247
"1228",2016-07-21,34.3958
"1229",2016-07-22,34.4231
"1230",2016-07-23,34.3799
"1231",2016-07-24,34.2221
"1232",2016-07-25,34.0663
"1233",2016-07-26,34.2409
"1234",2016-07-27,34.4501
"1235",2016-07-28,34.7221
"1236",2016-07-29,34.6952
"1237",2016-07-30,34.169
"1238",2016-07-31,34.4382
"1239",2016-08-01,34.7652
"1240",2016-08-02,35
"1241",2016-08-03,34.5738
"1242",2016-08-04,34.9153
"1243",2016-08-05,34.4605
"1244",2016-08-06,35
"1245",2016-08-07,34.9199
"1246",2016-08-08,34.914
"1247",2016-08-09,34.7333
"1248",2016-08-10,35
"1249",2016-08-11,35
"1250",2016-08-12,35
"1251",2016-08-13,34.8941
"1252",2016-08-14,35
"1253",2016-08-15,35
"1254",2016-08-16,34.9491
"1255",2016-08-17,34.7887
"1256",2016-08-18,34.7544
"1257",2016-08-19,34.342
"1258",2016-08-20,35.0701
"1259",2016-08-21,34.8014
"1260",2016-08-22,34.8482
"1261",2016-08-23,35.2029
"1262",2016-08-24,34.9243
"1263",2016-08-25,35.0079
"1264",2016-08-26,35.0839
"1265",2016-08-27,35.0373
"1266",2016-08-28,34.9988
"1267",2016-08-29,34.9889
"1268",2016-08-30,35.0635
"1269",2016-08-31,35.1692
"1270",2016-09-01,34.7525
"1271",2016-09-02,34.5637
"1272",2016-09-03,35.1277
"1273",2016-09-04,35.1777
"1274",2016-09-05,34.9121
"1275",2016-09-06,34.3665
"1276",2016-09-07,34.1426
"1277",2016-09-08,33.971
"1278",2016-09-09,33.7124
"1279",2016-09-10,33.6626
"1280",2016-09-11,33.4435
"1281",2016-09-12,33.6838
"1282",2016-09-13,33.4716
"1283",2016-09-14,33.4946
"1284",2016-09-15,33.6113
"1285",2016-09-16,33.8442
"1286",2016-09-17,33.5144
"1287",2016-09-18,33.7505
"1288",2016-09-19,33.3816
"1289",2016-09-20,33.342
"1290",2016-09-21,33.0547
"1291",2016-09-22,32.7658
"1292",2016-09-23,32.9675
"1293",2016-09-24,32.9801
"1294",2016-09-25,32.8338
"1295",2016-09-26,32.6364
"1296",2016-09-27,32.4921
"1297",2016-09-28,32.5719
"1298",2016-09-29,32.0862
"1299",2016-09-30,31.6542
"1300",2016-10-01,31.2085
"1301",2016-10-02,30.6498
"1302",2016-10-03,30.1393
"1303",2016-10-04,30.6287
"1304",2016-10-05,30.6413
"1305",2016-10-06,30.5533
"1306",2016-10-07,30.5805
"1307",2016-10-08,30.4812
"1308",2016-10-09,30.5038
"1309",2016-10-10,30.3431
"1310",2016-10-11,30.6099
"1311",2016-10-12,30.5896
"1312",2016-10-13,30.5066
"1313",2016-10-14,30.0431
"1314",2016-10-15,30.2325
"1315",2016-10-16,30.0748
"1316",2016-10-17,29.9666
"1317",2016-10-18,30.1029
"1318",2016-10-19,29.9362
"1319",2016-10-20,30.0173
"1320",2016-10-21,29.8928
"1321",2016-10-22,29.605
"1322",2016-10-23,29.2694
"1323",2016-10-24,29.252
"1324",2016-10-25,29.5586
"1325",2016-10-26,29.3189
"1326",2016-10-27,29.6332
"1327",2016-10-28,29.6862
"1328",2016-10-29,29.7259
"1329",2016-10-30,29.4798
"1330",2016-10-31,29.3325
"1331",2016-11-01,29.2811
"1332",2016-11-02,29.2836
"1333",2016-11-03,28.7043
"1334",2016-11-04,29.0346
"1335",2016-11-05,28.9201
"1336",2016-11-06,28.7218
"1337",2016-11-07,28.5642
"1338",2016-11-08,28.6126
"1339",2016-11-09,28.4528
"1340",2016-11-10,28.1089
"1341",2016-11-11,28.0129
"1342",2016-11-12,27.7451
"1343",2016-11-13,27.5819
"1344",2016-11-14,27.6903
"1345",2016-11-15,27.6491
"1346",2016-11-16,27.6473
"1347",2016-11-17,27.5111
"1348",2016-11-18,27.4519
"1349",2016-11-19,27.5504
"1350",2016-11-20,27.3238
"1351",2016-11-21,26.9651
"1352",2016-11-22,26.8623
"1353",2016-11-23,26.7394
"1354",2016-11-24,26.3821
"1355",2016-11-25,26.5763
"1356",2016-11-26,26.573
"1357",2016-11-27,26.6125
"1358",2016-11-28,26.4953
"1359",2016-11-29,26.2742
"1360",2016-11-30,26.0059
"1361",2016-12-01,25.6934
"1362",2016-12-02,25.8691
"1363",2016-12-03,25.9545
"1364",2016-12-04,26.0656
"1365",2016-12-05,25.9996
"1366",2016-12-06,25.6994
"1367",2016-12-07,25.2466
"1368",2016-12-08,25.2018
"1369",2016-12-09,25.04
"1370",2016-12-10,25.0471
"1371",2016-12-11,25.0772
"1372",2016-12-12,24.7733
"1373",2016-12-13,24.6516
"1374",2016-12-14,24.3724
"1375",2016-12-15,23.9747
"1376",2016-12-16,24.3341
"1377",2016-12-17,23.3896
"1378",2016-12-18,23.4475
"1379",2016-12-19,22.5853
"1380",2016-12-20,23.031
"1381",2016-12-21,23.0766
"1382",2016-12-22,23.305
"1383",2016-12-23,22.9999
"1384",2016-12-24,23.1841
"1385",2016-12-25,23.1093
"1386",2016-12-26,22.9536
"1387",2016-12-27,23.6387
"1388",2016-12-28,23.1424
"1389",2016-12-29,23.4796
"1390",2016-12-30,23.2838
"1391",2016-12-31,23.2238
"1392",2017-01-01,22.7528
"1393",2017-01-02,22.7057
"1394",2017-01-03,22.8315
"1395",2017-01-04,22.6778
"1396",2017-01-05,22.4505
"1397",2017-01-06,22.5474
"1398",2017-01-07,22.0299
"1399",2017-01-08,22.1186
"1400",2017-01-09,22.1853
"1401",2017-01-10,21.8545
"1402",2017-01-11,21.797
"1403",2017-01-12,21.5581
"1404",2017-01-13,21.7928
"1405",2017-01-14,21.3128
"1406",2017-01-15,21.3738
"1407",2017-01-16,21.2255
"1408",2017-01-17,21.6427
"1409",2017-01-18,21.1796
"1410",2017-01-19,21.1954
"1411",2017-01-20,21.3717
"1412",2017-01-21,21.104
"1413",2017-01-22,21.2422
"1414",2017-01-23,21.4883
"1415",2017-01-24,21.1013
"1416",2017-01-25,20.9378
"1417",2017-01-26,21.0648
"1418",2017-01-27,21.0325
"1419",2017-01-28,20.6503
"1420",2017-01-29,20.8103
"1421",2017-01-30,20.5552
"1422",2017-01-31,20.1089
"1423",2017-02-01,20.1536
"1424",2017-02-02,20.113
"1425",2017-02-03,20.263
"1426",2017-02-04,20.1351
"1427",2017-02-05,20.1289
"1428",2017-02-06,19.9831
"1429",2017-02-07,20.0025
"1430",2017-02-08,19.6232
"1431",2017-02-09,19.628
"1432",2017-02-10,19.5644
"1433",2017-02-11,19.63
"1434",2017-02-12,19.4228
"1435",2017-02-13,19.169
"1436",2017-02-14,19.4078
"1437",2017-02-15,19.2153
"1438",2017-02-16,19.0707
"1439",2017-02-17,19.6375
"1440",2017-02-18,18.9059
"1441",2017-02-19,19.0106
"1442",2017-02-20,19.2603
"1443",2017-02-21,18.7688
"1444",2017-02-22,18.9576
"1445",2017-02-23,18.4183
"1446",2017-02-24,18.4996
"1447",2017-02-25,18.7923
"1448",2017-02-26,19.2062
"1449",2017-02-27,19.0486
"1450",2017-02-28,19.2746
"1451",2017-03-01,19.0318
"1452",2017-03-02,18.8363
"1453",2017-03-03,19.1651
"1454",2017-03-04,19.3529
"1455",2017-03-05,19.2843
"1456",2017-03-06,19.7482
"1457",2017-03-07,19.6254
"1458",2017-03-08,19.6253
"1459",2017-03-09,20.3722
"1460",2017-03-10,20.3906
"1461",2017-03-11,20.4054
"1462",2017-03-12,20.2445
"1463",2017-03-13,20.064
"1464",2017-03-14,19.4633
"1465",2017-03-15,19.7467
"1466",2017-03-16,19.7727
"1467",2017-03-17,19.8943
"1468",2017-03-18,20.2163
"1469",2017-03-19,20.0189
"1470",2017-03-20,20.3828
"1471",2017-03-21,20.9774
"1472",2017-03-22,20.073
"1473",2017-03-23,20.6643
"1474",2017-03-24,20.5312
"1475",2017-03-25,20.2076
"1476",2017-03-26,20.6062
"1477",2017-03-27,21.3875
"1478",2017-03-28,21.5221
"1479",2017-03-29,21.5053
"1480",2017-03-30,21.9975
"1481",2017-03-31,22.9148
"1482",2017-04-01,23.4436
"1483",2017-04-02,23.8164
"1484",2017-04-03,23.5562
"1485",2017-04-04,22.9415
"1486",2017-04-05,22.8055
"1487",2017-04-06,22.548
"1488",2017-04-07,23.1125
"1489",2017-04-08,23.1251
"1490",2017-04-09,23.3696
"1491",2017-04-10,24.2581
"1492",2017-04-11,24.3137
"1493",2017-04-12,24.6684
"1494",2017-04-13,25.0304
"1495",2017-04-14,25.6707
"1496",2017-04-15,25.1282
"1497",2017-04-16,25.3916
"1498",2017-04-17,24.9403
"1499",2017-04-18,24.9448
"1500",2017-04-19,24.7382
"1501",2017-04-20,24.9493
"1502",2017-04-21,24.5462
"1503",2017-04-22,25.3139
"1504",2017-04-23,25.18
"1505",2017-04-24,25.7592
"1506",2017-04-25,25.4459
"1507",2017-04-26,25.3163
"1508",2017-04-27,25.4
"1509",2017-04-28,26.0925
"1510",2017-04-29,26.4099
"1511",2017-04-30,25.9813
"1512",2017-05-01,26.3256
"1513",2017-05-02,26.7466
"1514",2017-05-03,27.1172
"1515",2017-05-04,27.9001
"1516",2017-05-05,28.8075
"1517",2017-05-06,28.6963
"1518",2017-05-07,28.735
"1519",2017-05-08,28.7445
"1520",2017-05-09,28.514
"1521",2017-05-10,28.1442
"1522",2017-05-11,28.2388
"1523",2017-05-12,28.8952
"1524",2017-05-13,29.6716
"1525",2017-05-14,29.4769
"1526",2017-05-15,29.6961
"1527",2017-05-16,30.1099
"1528",2017-05-17,29.894
"1529",2017-05-18,29.6916
"1530",2017-05-19,30.0404
"1531",2017-05-20,29.991
"1532",2017-05-21,29.6153
"1533",2017-05-22,29.2349
"1534",2017-05-23,28.9309
"1535",2017-05-24,29.171
"1536",2017-05-25,29.1273
"1537",2017-05-26,29.5575
"1538",2017-05-27,29.6238
"1539",2017-05-28,29.7068
"1540",2017-05-29,29.9522
"1541",2017-05-30,29.7717
"1542",2017-05-31,29.5968
"1543",2017-06-01,29.1707
"1544",2017-06-02,28.5749
"1545",2017-06-03,29.0694
"1546",2017-06-04,29.4093
"1547",2017-06-05,29.4133
"1548",2017-06-06,29.3111
"1549",2017-06-07,29.8361
"1550",2017-06-08,30.5844
"1551",2017-06-09,30.9233
"1552",2017-06-10,30.8482
"1553",2017-06-11,31.214
"1554",2017-06-12,31.0825
"1555",2017-06-13,31.3663
"1556",2017-06-14,31.4984
"1557",2017-06-15,32.0986
"1558",2017-06-16,32.1098
"1559",2017-06-17,31.5296
"1560",2017-06-18,31.9873
"1561",2017-06-19,31.8035
"1562",2017-06-20,32.0184
"1563",2017-06-21,30.9397
"1564",2017-06-22,31.2783
"1565",2017-06-23,31.1629
"1566",2017-06-24,30.6602
"1567",2017-06-25,30.4327
"1568",2017-06-26,30.8289
"1569",2017-06-27,31.2583
"1570",2017-06-28,31.3779
"1571",2017-06-29,31.2288
"1572",2017-06-30,31.6214
"1573",2017-07-01,31.7191
"1574",2017-07-02,32.1315
"1575",2017-07-03,32.4477
"1576",2017-07-04,31.772
"1577",2017-07-05,33.0949
"1578",2017-07-06,33.0062
"1579",2017-07-07,33.1937
"1580",2017-07-08,32.3449
"1581",2017-07-09,32.8002
"1582",2017-07-10,33.5821
"1583",2017-07-11,33.7658
"1584",2017-07-12,33.2802
"1585",2017-07-13,32.3094
"1586",2017-07-14,33.0243
"1587",2017-07-15,32.6282
"1588",2017-07-16,32.8846
"1589",2017-07-17,33.0893
"1590",2017-07-18,32.6851
"1591",2017-07-19,33.5862
"1592",2017-07-20,33.7131
"1593",2017-07-21,34.3611
"1594",2017-07-22,34.4268
"1595",2017-07-23,34.8373
"1596",2017-07-24,34.5355
"1597",2017-07-25,34.4479
"1598",2017-07-26,34.532
"1599",2017-07-27,35.061
"1600",2017-07-28,33.8937
"1601",2017-07-29,34.3717
"1602",2017-07-30,34.4864
"1603",2017-07-31,34.1374
"1604",2017-08-01,34.1365
"1605",2017-08-02,34.3029
"1606",2017-08-03,34.5783
"1607",2017-08-04,34.2016
"1608",2017-08-05,35.0518
"1609",2017-08-06,34.7736
"1610",2017-08-07,34.8009
"1611",2017-08-08,35.3953
"1612",2017-08-09,35.4155
"1613",2017-08-10,35.1374
"1614",2017-08-11,35.5367
"1615",2017-08-12,34.8671
"1616",2017-08-13,35.0747
"1617",2017-08-14,35.332
"1618",2017-08-15,34.9166
"1619",2017-08-16,34.8367
"1620",2017-08-17,34.6636
"1621",2017-08-18,34.9522
"1622",2017-08-19,34.8088
"1623",2017-08-20,34.8156
"1624",2017-08-21,34.6454
"1625",2017-08-22,35.2395
"1626",2017-08-23,34.7874
"1627",2017-08-24,34.6986
"1628",2017-08-25,34.8135
"1629",2017-08-26,34.8524
"1630",2017-08-27,34.6881
"1631",2017-08-28,34.9394
"1632",2017-08-29,34.862
"1633",2017-08-30,34.8565
"1634",2017-08-31,34.7264
"1635",2017-09-01,34.7805
"1636",2017-09-02,34.8474
"1637",2017-09-03,34.6449
"1638",2017-09-04,34.7034
"1639",2017-09-05,34.3806
"1640",2017-09-06,34.4607
"1641",2017-09-07,34.3391
"1642",2017-09-08,34.4812
"1643",2017-09-09,33.7653
"1644",2017-09-10,33.3775
"1645",2017-09-11,34.3407
"1646",2017-09-12,34.1926
"1647",2017-09-13,33.9968
"1648",2017-09-14,33.975
"1649",2017-09-15,33.9507
"1650",2017-09-16,33.8438
"1651",2017-09-17,33.874
"1652",2017-09-18,33.976
"1653",2017-09-19,33.9156
"1654",2017-09-20,33.8078
"1655",2017-09-21,34.2452
"1656",2017-09-22,33.9078
"1657",2017-09-23,33.9567
"1658",2017-09-24,33.5166
"1659",2017-09-25,33.4716
"1660",2017-09-26,33.7555
"1661",2017-09-27,33.9171
"1662",2017-09-28,33.8612
"1663",2017-09-29,33.6318
"1664",2017-09-30,33.5209
"1665",2017-10-01,33.7479
"1666",2017-10-02,33.5767
"1667",2017-10-03,33.51
"1668",2017-10-04,32.8484
"1669",2017-10-05,32.6659
"1670",2017-10-06,32.3459
"1671",2017-10-07,32.3605
"1672",2017-10-08,32.2094
"1673",2017-10-09,32.438
"1674",2017-10-10,32.3171
"1675",2017-10-11,32.5632
"1676",2017-10-12,32.384
"1677",2017-10-13,31.8872
"1678",2017-10-14,31.7429
"1679",2017-10-15,31.5786
"1680",2017-10-16,31.5257
"1681",2017-10-17,30.9541
"1682",2017-10-18,31.0214
"1683",2017-10-19,31.1919
"1684",2017-10-20,31.0322
"1685",2017-10-21,30.837
"1686",2017-10-22,30.5312
"1687",2017-10-23,30.4552
"1688",2017-10-24,30.3659
"1689",2017-10-25,30.4111
"1690",2017-10-26,30.3959
"1691",2017-10-27,30.2611
"1692",2017-10-28,30.2113
"1693",2017-10-29,30.3387
"1694",2017-10-30,30.3154
"1695",2017-10-31,30.1261
"1696",2017-11-01,29.4661
"1697",2017-11-02,29.0484
"1698",2017-11-03,29.885
"1699",2017-11-04,29.9473
"1700",2017-11-05,29.8334
"1701",2017-11-06,29.9397
"1702",2017-11-07,29.603
"1703",2017-11-08,29.5457
"1704",2017-11-09,29.6382
"1705",2017-11-10,29.4557
"1706",2017-11-11,29.645
"1707",2017-11-12,28.9634
"1708",2017-11-13,29.5184
"1709",2017-11-14,28.959
"1710",2017-11-15,28.959
"1711",2017-11-16,28.6858
"1712",2017-11-17,28.6186
"1713",2017-11-18,28.416
"1714",2017-11-19,28.2669
"1715",2017-11-20,28.1282
"1716",2017-11-21,28.118
"1717",2017-11-22,28.0123
"1718",2017-11-23,27.8212
"1719",2017-11-24,27.5914
"1720",2017-11-25,27.7226
"1721",2017-11-26,27.5236
"1722",2017-11-27,26.7926
"1723",2017-11-28,26.863
"1724",2017-11-29,26.8299
"1725",2017-11-30,26.7167
"1726",2017-12-01,26.302
"1727",2017-12-02,26.0859
"1728",2017-12-03,26.0854
"1729",2017-12-04,25.8024
"1730",2017-12-05,25.7325
"1731",2017-12-06,25.6183
"1732",2017-12-07,25.6542
"1733",2017-12-08,25.4057
"1734",2017-12-09,24.7568
"1735",2017-12-10,25.4359
"1736",2017-12-11,25.279
"1737",2017-12-12,24.896
"1738",2017-12-13,24.6544
"1739",2017-12-14,24.3233
"1740",2017-12-15,24.2046
"1741",2017-12-16,24.2686
"1742",2017-12-17,23.9871
"1743",2017-12-18,24.0136
"1744",2017-12-19,23.8217
"1745",2017-12-20,23.9427
"1746",2017-12-21,23.8811
"1747",2017-12-22,23.9304
"1748",2017-12-23,23.8317
"1749",2017-12-24,23.2557
"1750",2017-12-25,23.9632
"1751",2017-12-26,23.797
"1752",2017-12-27,23.461
"1753",2017-12-28,23.2431
"1754",2017-12-29,23.0392
"1755",2017-12-30,23.1357
"1756",2017-12-31,23.2855
"1757",2018-01-01,23.1621
"1758",2018-01-02,23.2096
"1759",2018-01-03,23.0266
"1760",2018-01-04,23.1818
"1761",2018-01-05,22.2028
"1762",2018-01-06,22.2836
"1763",2018-01-07,22.3614
"1764",2018-01-08,22.2506
"1765",2018-01-09,22.0873
"1766",2018-01-10,22.1337
"1767",2018-01-11,22.5984
"1768",2018-01-12,22.2694
"1769",2018-01-13,22.158
"1770",2018-01-14,22.0737
"1771",2018-01-15,22.039
"1772",2018-01-16,21.7035
"1773",2018-01-17,21.6738
"1774",2018-01-18,21.6759
"1775",2018-01-19,20.7479
"1776",2018-01-20,20.9807
"1777",2018-01-21,21.1939
"1778",2018-01-22,20.8521
"1779",2018-01-23,20.6898
"1780",2018-01-24,20.0965
"1781",2018-01-25,20.2618
"1782",2018-01-26,21.1352
"1783",2018-01-27,20.9965
"1784",2018-01-28,20.8357
"1785",2018-01-29,20.8512
"1786",2018-01-30,20.8978
"1787",2018-01-31,20.8556
"1788",2018-02-01,20.7317
"1789",2018-02-02,20.8458
"1790",2018-02-03,20.5758
"1791",2018-02-04,20.4278
"1792",2018-02-05,20.4795
"1793",2018-02-06,20.3101
"1794",2018-02-07,20.4735
"1795",2018-02-08,20.6862
"1796",2018-02-09,20.3423
"1797",2018-02-10,20.2413
"1798",2018-02-11,20.4178
"1799",2018-02-12,20.7899
"1800",2018-02-13,20.3693
"1801",2018-02-14,20.4039
"1802",2018-02-15,20.3292
"1803",2018-02-16,20.0113
"1804",2018-02-17,20.7534
"1805",2018-02-18,21.2978
"1806",2018-02-19,20.3855
"1807",2018-02-20,20.0984
"1808",2018-02-21,20.2252
"1809",2018-02-22,20.2209
"1810",2018-02-23,20.3805
"1811",2018-02-24,20.4831
"1812",2018-02-25,20.072
"1813",2018-02-26,20.4964
"1814",2018-02-27,20.3044
"1815",2018-02-28,20.0289
"1816",2018-03-01,20.5009
"1817",2018-03-02,20.2225
"1818",2018-03-03,20.4843
"1819",2018-03-04,20.8958
"1820",2018-03-05,21.2388
"1821",2018-03-06,21.0675
"1822",2018-03-07,21.4116
"1823",2018-03-08,22.2897
"1824",2018-03-09,21.8908
"1825",2018-03-10,22.8688
"1826",2018-03-11,21.9281
"1827",2018-03-12,21.7616
"1828",2018-03-13,22.1652
"1829",2018-03-14,22.2172
"1830",2018-03-15,22.4735
"1831",2018-03-16,22.6231
"1832",2018-03-17,21.9562
"1833",2018-03-18,22.6307
"1834",2018-03-19,22.4067
"1835",2018-03-20,22.2966
"1836",2018-03-21,22.2759
"1837",2018-03-22,23.0962
"1838",2018-03-23,23.1164
"1839",2018-03-24,23.032
"1840",2018-03-25,24.1169
"1841",2018-03-26,24.3957
"1842",2018-03-27,24.7188
"1843",2018-03-28,24.9787
"1844",2018-03-29,25.5447
"1845",2018-03-30,25.7671
"1846",2018-03-31,25.6143
"1847",2018-04-01,25.4632
"1848",2018-04-02,25.1362
"1849",2018-04-03,24.8282
"1850",2018-04-04,23.672
"1851",2018-04-05,23.6472
"1852",2018-04-06,22.864
"1853",2018-04-07,23.3862
"1854",2018-04-08,23.866
"1855",2018-04-09,24.2808
"1856",2018-04-10,24.3975
"1857",2018-04-11,24.791
"1858",2018-04-12,24.7338
"1859",2018-04-13,24.2789
"1860",2018-04-14,23.6686
"1861",2018-04-15,24.5868
"1862",2018-04-16,24.1216
"1863",2018-04-17,24.6573
"1864",2018-04-18,25.0553
"1865",2018-04-19,24.8781
"1866",2018-04-20,24.8598
"1867",2018-04-21,25.1555
"1868",2018-04-22,25.1811
"1869",2018-04-23,25.3982
"1870",2018-04-24,25.3257
"1871",2018-04-25,25.2203
"1872",2018-04-26,25.4497
"1873",2018-04-27,25.5329
"1874",2018-04-28,25.7373
"1875",2018-04-29,25.9912
"1876",2018-04-30,25.5585
"1877",2018-05-01,26.1404
"1878",2018-05-02,25.9381
"1879",2018-05-03,26.2065
"1880",2018-05-04,26.4347
"1881",2018-05-05,26.4919
"1882",2018-05-06,27.6112
"1883",2018-05-07,28.0616
"1884",2018-05-08,28.6286
"1885",2018-05-09,28.4978
"1886",2018-05-10,28.2811
"1887",2018-05-11,28.0473
"1888",2018-05-12,28.489
"1889",2018-05-13,27.7015
"1890",2018-05-14,27.8183
"1891",2018-05-15,27.94
"1892",2018-05-16,27.3814
"1893",2018-05-17,27.1595
"1894",2018-05-18,27.7495
"1895",2018-05-19,27.5843
"1896",2018-05-20,28.4809
"1897",2018-05-21,29.2633
"1898",2018-05-22,29.1753
"1899",2018-05-23,29.3159
"1900",2018-05-24,28.5446
"1901",2018-05-25,29.2838
"1902",2018-05-26,29.907
"1903",2018-05-27,30.4316
"1904",2018-05-28,30.7443
"1905",2018-05-29,30.9053
"1906",2018-05-30,31.6467
"1907",2018-05-31,31.8812
"1908",2018-06-01,32.3858
"1909",2018-06-02,32.5597
"1910",2018-06-03,32.0246
"1911",2018-06-04,32.7179
"1912",2018-06-05,32.8519
"1913",2018-06-06,33.0155
"1914",2018-06-07,32.4028
"1915",2018-06-08,32.1108
"1916",2018-06-09,32.0198
"1917",2018-06-10,31.6205
"1918",2018-06-11,31.4763
"1919",2018-06-12,31.5871
"1920",2018-06-13,31.4513
"1921",2018-06-14,31.8214
"1922",2018-06-15,32.6149
"1923",2018-06-16,32.0702
"1924",2018-06-17,31.8848
"1925",2018-06-18,32.0155
"1926",2018-06-19,31.4554
"1927",2018-06-20,32.0857
"1928",2018-06-21,31.4166
"1929",2018-06-22,31.1341
"1930",2018-06-23,30.7283
"1931",2018-06-24,31.5238
"1932",2018-06-25,31.4259
"1933",2018-06-26,31.8287
"1934",2018-06-27,31.5836
"1935",2018-06-28,31.815
"1936",2018-06-29,31.9413
"1937",2018-06-30,32.3908
"1938",2018-07-01,32.248
"1939",2018-07-02,32.2112
"1940",2018-07-03,32.5883
"1941",2018-07-04,32.8271
"1942",2018-07-05,33.4493
"1943",2018-07-06,33.2204
"1944",2018-07-07,33.1951
"1945",2018-07-08,34.1219
"1946",2018-07-09,33.8839
"1947",2018-07-10,33.1542
"1948",2018-07-11,32.9057
"1949",2018-07-12,33.0782
"1950",2018-07-13,33.2705
"1951",2018-07-14,33.3264
"1952",2018-07-15,33.3405
"1953",2018-07-16,33.7271
"1954",2018-07-17,33.4724
"1955",2018-07-18,32.8693
"1956",2018-07-19,32.7064
"1957",2018-07-20,32.9692
"1958",2018-07-21,33.3865
"1959",2018-07-22,32.6598
"1960",2018-07-23,32.9003
"1961",2018-07-24,32.9038
"1962",2018-07-25,33.0147
"1963",2018-07-26,32.9192
"1964",2018-07-27,32.62
"1965",2018-07-28,32.0256
"1966",2018-07-29,32.637
"1967",2018-07-30,32.6786
"1968",2018-07-31,33.0466
"1969",2018-08-01,32.9965
"1970",2018-08-02,32.4875
"1971",2018-08-03,32.8551
"1972",2018-08-04,33.214
"1973",2018-08-05,33.3482
"1974",2018-08-06,32.6605
"1975",2018-08-07,32.9791
"1976",2018-08-08,32.5788
"1977",2018-08-09,32.5392
"1978",2018-08-10,32.7834
"1979",2018-08-11,33.3008
"1980",2018-08-12,33.3573
"1981",2018-08-13,32.9401
"1982",2018-08-14,32.4607
"1983",2018-08-15,32.3615
"1984",2018-08-16,32.8859
"1985",2018-08-17,32.646
"1986",2018-08-18,32.7141
"1987",2018-08-19,33.0268
"1988",2018-08-20,33.0904
"1989",2018-08-21,33.2846
"1990",2018-08-22,33.0689
"1991",2018-08-23,32.8741
"1992",2018-08-24,32.5306
"1993",2018-08-25,32.9008
"1994",2018-08-26,32.5914
"1995",2018-08-27,33.0486
"1996",2018-08-28,33.8196
"1997",2018-08-29,33.0367
"1998",2018-08-30,33.013
"1999",2018-08-31,33.8308
"2000",2018-09-01,34.017
"2001",2018-09-02,33.7451
"2002",2018-09-03,34.301
"2003",2018-09-04,34.0272
"2004",2018-09-05,33.5825
"2005",2018-09-06,34.0292
"2006",2018-09-07,33.9191
"2007",2018-09-08,34.2379
"2008",2018-09-09,33.532
"2009",2018-09-10,33.6378
"2010",2018-09-11,33.6123
"2011",2018-09-12,33.4025
"2012",2018-09-13,34.226
"2013",2018-09-14,33.8466
"2014",2018-09-15,33.4144
"2015",2018-09-16,34.4708
"2016",2018-09-17,34.5351
"2017",2018-09-18,33.7239
"2018",2018-09-19,33.6381
"2019",2018-09-20,34.142
"2020",2018-09-21,33.8072
"2021",2018-09-22,34.3138
"2022",2018-09-23,34.4668
"2023",2018-09-24,33.5611
"2024",2018-09-25,33.5273
"2025",2018-09-26,33.6365
"2026",2018-09-27,33.5123
"2027",2018-09-28,33.2849
"2028",2018-09-29,33.6341
"2029",2018-09-30,33.1483
"2030",2018-10-01,33.1129
"2031",2018-10-02,32.9222
"2032",2018-10-03,33.1448
"2033",2018-10-04,33.2219
"2034",2018-10-05,32.6776
"2035",2018-10-06,32.6519
"2036",2018-10-07,32.4786
"2037",2018-10-08,32.3334
"2038",2018-10-09,32.2036
"2039",2018-10-10,32.3211
"2040",2018-10-11,32.2651
"2041",2018-10-12,32.3228
"2042",2018-10-13,32.6238
"2043",2018-10-14,32.4319
"2044",2018-10-15,32.0676
"2045",2018-10-16,31.8327
"2046",2018-10-17,31.9145
"2047",2018-10-18,32.0553
"2048",2018-10-19,31.7795
"2049",2018-10-20,31.8601
"2050",2018-10-21,31.925
"2051",2018-10-22,31.7349
"2052",2018-10-23,31.4942
"2053",2018-10-24,31.3173
"2054",2018-10-25,30.9923
"2055",2018-10-26,31.3009
"2056",2018-10-27,31.077
"2057",2018-10-28,30.9244
"2058",2018-10-29,30.5083
"2059",2018-10-30,30.3131
"2060",2018-10-31,29.8962
"2061",2018-11-01,29.6956
"2062",2018-11-02,29.6311
"2063",2018-11-03,29.6434
"2064",2018-11-04,29.1185
"2065",2018-11-05,29.1671
"2066",2018-11-06,29.2204
"2067",2018-11-07,28.7678
"2068",2018-11-08,28.7274
"2069",2018-11-09,28.3358
"2070",2018-11-10,27.9988
"2071",2018-11-11,28.471
"2072",2018-11-12,28.5159
"2073",2018-11-13,28.3498
"2074",2018-11-14,28.0761
"2075",2018-11-15,28.2449
"2076",2018-11-16,27.6708
"2077",2018-11-17,27.7267
"2078",2018-11-18,27.5115
"2079",2018-11-19,27.2022
"2080",2018-11-20,27.1611
"2081",2018-11-21,27.0385
"2082",2018-11-22,27.1628
"2083",2018-11-23,26.8088
"2084",2018-11-24,26.6578
"2085",2018-11-25,26.442
"2086",2018-11-26,26.7095
"2087",2018-11-27,26.5091
"2088",2018-11-28,26.2988
"2089",2018-11-29,25.9572
"2090",2018-11-30,26.1315
"2091",2018-12-01,26.231
"2092",2018-12-02,25.9595
"2093",2018-12-03,25.8482
"2094",2018-12-04,25.7438
"2095",2018-12-05,25.5494
"2096",2018-12-06,25.2838
"2097",2018-12-07,25.3758
"2098",2018-12-08,24.9116
"2099",2018-12-09,24.8882
"2100",2018-12-10,24.8771
"2101",2018-12-11,25.0392
"2102",2018-12-12,25.0975
"2103",2018-12-13,24.7254
"2104",2018-12-14,24.5617
"2105",2018-12-15,24.6824
"2106",2018-12-16,24.6141
"2107",2018-12-17,24.5357
"2108",2018-12-18,24.137
"2109",2018-12-19,24.3983
"2110",2018-12-20,24.108
"2111",2018-12-21,23.9614
"2112",2018-12-22,24.3985
"2113",2018-12-23,24.3834
"2114",2018-12-24,24.2001
"2115",2018-12-25,23.8425
"2116",2018-12-26,23.85
"2117",2018-12-27,23.6841
"2118",2018-12-28,22.9116
"2119",2018-12-29,23.2286
"2120",2018-12-30,23.0372
"2121",2018-12-31,23.2159
"2122",2019-01-01,23.274
"2123",2019-01-02,23.2461
"2124",2019-01-03,23.2136
"2125",2019-01-04,23.2401
"2126",2019-01-05,23.1694
"2127",2019-01-06,22.8804
"2128",2019-01-07,22.3661
"2129",2019-01-08,22.1563
"2130",2019-01-09,22.7299
"2131",2019-01-10,22.8024
"2132",2019-01-11,22.4787
"2133",2019-01-12,22.2355
"2134",2019-01-13,22.1182
"2135",2019-01-14,22.4342
"2136",2019-01-15,21.9943
"2137",2019-01-16,21.9813
"2138",2019-01-17,21.5204
"2139",2019-01-18,21.2225
"2140",2019-01-19,21.6742
"2141",2019-01-20,21.6697
"2142",2019-01-21,21.3302
